Context,p.KG,p.SGDP,Agreement
TCC->T,0,0,Agree
ACC->T,3.1723473488343e-308,2.30897118680569e-161,Agree Mostly
TCT->T,2.86811912819691e-196,0,Agree Mostly
GAT->T,5.36134353050135e-111,1.44648562849783e-23,Agree
ACC->A,1.24860045198067e-98,4.69066491089771e-17,Agree
CCC->T,2.15436992350261e-69,6.22382896953434e-68,Agree
ACA->T,2.90492162809629e-60,2.62241982201823e-30,Agree Mostly
TCA->T,9.74330877420489e-52,1.66303149702796e-13,Agree Somewhat
ACT->T,3.14214041633069e-51,1.19404601491732e-45,Agree Somewhat
TCG->T,1.55652965893321e-49,1.48930212591532e-25,Disagree
ACG->T,2.09001892275863e-48,1.19530354955357e-43,Disagree
GCG->T,3.75621130021285e-45,4.34008861260168e-15,Disagree
GCT->T,1.79108461668625e-40,7.89314714556592e-07,Disagree
GAC->T,6.49688999310173e-40,5.57326596649956e-10,Agree Mostly
GCC->T,1.09562365644329e-37,3.29796264795211e-14,Agree Somewhat
TAA->T,6.22227930832514e-36,1.46229950609936e-31,Disagree
CAC->G,7.05588863950298e-33,4.47085584461519e-16,Agree Somewhat
CCG->T,8.58733277658449e-32,3.26639890388604e-44,Disagree
CCA->T,3.03566324335925e-27,1.50722566581323e-31,Agree
GCC->A,8.04290773231852e-25,2.56665188281147e-05,Agree
TAT->C,1.24423400976844e-20,1.27966383592822e-28,Disagree
AAC->C,1.6070252726057e-20,1.76484801357603e-30,Disagree Somewhat
TCC->A,5.47974612591356e-20,7.76939413097507e-24,Agree
GCG->G,8.10962975580757e-20,8.83168439983304e-18,Disagree
CCC->A,3.44556077425554e-19,1.12506282850792e-36,Agree Somewhat
CCC->G,8.57631511089695e-18,5.39721793130687e-13,Agree
AAC->T,6.63834448975717e-16,2.74615038437603e-05,Agree Somewhat
CAA->G,1.43199182628069e-15,8.63612808553798e-31,Agree Mostly
CAG->G,9.62869918038413e-14,8.82209242468122e-50,Agree Somewhat
CAC->C,1.15669339931924e-13,0,Agree Somewhat
CAC->T,3.46335072323379e-13,2.22777928275451e-28,Disagree Mostly
ACT->G,6.25807700173041e-13,1.19692203627881e-17,Agree Somewhat
TAA->G,2.35876332324738e-12,2.79617055719539e-05,Disagree
AAG->G,4.20135922772851e-12,2.73011607949782e-07,Disagree
AAA->G,1.93361818002357e-11,2.54587649700905e-05,Agree
TAT->T,9.49217416316295e-11,1.74396505414386e-268,Disagree
TAC->C,4.54704345631604e-10,9.15567361143602e-18,Disagree Mostly
AAA->C,3.41874601544886e-09,2.09026084376735e-12,Disagree Mostly
AAA->T,9.30524836043824e-09,3.76632901742327e-30,Disagree Mostly
GAA->T,5.92973636613118e-08,6.23607433476985e-12,Agree Mostly
CAT->G,6.1045346322295e-07,7.110388621978e-57,Disagree
GAA->G,6.16110669860502e-07,5.16395351532746e-15,Disagree Somewhat
GAG->G,7.3169476263063e-07,3.71835280622193e-79,Disagree Mostly
CAG->C,6.11122161518933e-06,2.9703157476587e-05,Disagree
GAC->G,1.02754380573162e-05,2.83996614960526e-18,Agree Somewhat
AAC->G,1.58633566923785e-05,7.87003190945339e-35,Agree Somewhat
AAT->G,2.75806116363461e-05,4.30948537506962e-74,Agree Somewhat
GAG->T,0.000149100752956995,5.06644953442596e-29,Agree Somewhat
GAC->C,0.000420493226286102,6.19119144206264e-25,Disagree Mostly
TAC->T,0.000503938452974713,9.53993488734542e-12,Agree Somewhat
